Total LP,Balances ETH,Balances De,ETH per LP,De per LP,Total User Balances
22747356621827920764,13129519551101954407,9817430258108825428,0.5771888034895063,0.4315855429412053,22747356621827920764
