Total LP,Balances ETH,Balances alETH,ETH per LP,CRV per LP,Total User Balances
3564221395615218618913,7.261795478966365e+19,1.9150536249581186e+23,0.022428738940037135,59.148233979829996,3564221395615218962790
