Total LP,Balances ETH,Balances alETH,ETH per LP,CRV per LP,Total User Balances
21396797510356621502,4.359414025633123e+17,1.1496484108734903e+21,0.020374142548776515,53.72992899133759,21396797510356621502
