Total LP,Balances ETH,Balances alETH,ETH per LP,CRV per LP,Total User Balances
16864002518830492729187,3.435895912615787e+20,9.061016578465006e+23,0.02037414254877652,53.729928991337594,16864002518830494949451
