Total LP,Balances ETH,Balances CRV,ETH per LP,CRV per LP,Total User Balances
499449572562829870011066,1.0175856787320597e+22,2.6835390068554763e+25,0.02037414254877652,53.729928991337594,499430714038859418092740
