Total LP,Balances ETH,Balances CRV,ETH per LP,CRV per LP,Total User Balances
854453967323414259773,1.7408766931614876e+19,4.590975099065374e+22,0.02037414254877652,53.729928991337594,854453967315615645830
