Total LP,Balances ETH,Balances CRV,ETH per LP,CRV per LP,Total User Balances
548420702656752840841667,1.1173601572628864e+22,2.9466605411126798e+25,0.02037414254877652,53.72992899133759,548420702656752840841667
