Total LP,Balances ETH,Balances CRV,ETH per LP,CRV per LP,Total User Balances
550348187166762515331352,11212872416796359557309,29570169016981520921673354,0.02037414254877652,53.729928991337594,550348187166762515331352
