Total LP,Balances ETH,Balances CRV,ETH per LP,CRV per LP,Total User Balances
3234742718316399353907,6.590510925159517e+19,1.7380249656038646e+23,0.020374142548776522,53.72992899133759,3234742718316399353907
