Total LP,Balances ETH,Balances CRV,ETH per LP,CRV per LP,Total User Balances
14134767326914623165824,2.8798376441234735e+20,7.594600447842013e+23,0.02037414254877652,53.729928991337594,12541881156193921996383
