Total LP,Balances ETH,Balances CRV,ETH per LP,CRV per LP,Total User Balances
14134767326914623165824,2.8798376441234735e+20,7.594600447842013e+23,0.022378953182754097,59.01694083720112,14114835011468473856291
