Total LP,Balances ETH,Balances alETH,ETH per LP,CRV per LP,Total User Balances
3395540495909508252652,6.9181226093803635e+19,1.8244214973242913e+23,0.024650093904948957,65.0063084604385,3366653369836139223509
