Total LP,Balances ETH,Balances CRV,ETH per LP,msETH per LP,Total User Balances
1808927934804746661723,6.939354845216355e+20,1.116647504771357e+21,0.3836169872607656,0.6172979494022168,1808926931615653585736
