User,LP Balance,is_contract,contract_type,events,withdrawn_eth,withdrawn_mseth,eth_to_redeem,mseth_to_redeem
0x989AEb4d175e16225E39E87d0D97A3360524AD80,1808927934804746661723,True,convex,[],0,0,6.939354845216354e+20,1.1166475047713568e+21
0x848f7B971bEBcB660A4C2C071D0fD631E6c60Aca,1699384081761283130,False,,[],0,0,6.519126016441659e+17,1.0490263089180091e+18
0xD8c84eaC995150662CC052E6ac76Ec184fcF1122,66618933460951983,False,,[],0,0,2.5556154548815804e+16,4.112373101680838e+16
