Total LP,Balances ETH,Balances CRV,ETH per LP,msETH per LP,Total User Balances
1810693937819968896836,6.946129532778284e+20,1.1177376548112917e+21,0.38361698726076554,0.6172979494022167,1810693937819968896836
