Total LP,Balances ETH,Balances msETH,ETH per LP,msETH per LP,Total User Balances
2260726276780465996372,867253003319769999911,1395541694816289894246,0.3836169872607656,0.6172979494022167,2260726276780465996372
