Total LP,Balances ETH,Balances CRV,FTM per LP,Ftml per LP,Total User Balances
756424913104375330024,5.0739202770955017e+20,2.5386000501867892e+20,0.6707764629634001,0.3356050291585915,743442877012845993925
