Total LP,Balances FTM,Balances De,FTM per LP,Ftml per LP,Total User Balances
15748296461660460985558,10563586598251633505754,5285207493213702108427,0.6707764629634001,0.3356050291585915,15745325179855750129566
