User,LP Balance,is_contract,contract_type,events,withdrawn_FTM,withdrawn_ftml,FTM_to_redeem,ftml_to_redeem
0xc1c5B8aAfE653592627B54B9527C7E98326e83Ff,7921792935583964767760,True,,[],0,0,5.313752245659462e+21,2.6585935491349804e+21
0x59f58431d4cBA2B7e9E8D78F064a8fa24C5134bF,7514446526050775582138,True,,[],0,0,5.040513861871949e+21,2.521886045485947e+21
0xAA93FAfcAe4921d273Fa09c4e844b7Fe12F7104C,117822844264308772535,False,,[],0,0,7.903279073190057e+19,3.9541939084871524e+19
0x7F8666872aAF01792cca0D08FeEc12d8aCb950fC,87187531909092217185,False,,[],0,0,5.848334426848946e+19,2.9260574188616516e+19
0xF16fC4E1CBEad3a74dC7011A0C2Ff22c1cb1f3b5,75012008020693989848,False,,[],0,0,5.031628941990331e+19,2.5174407139029504e+19
0x44a03946C8e690c6Ecdb254B3744690A42E1ED17,19609532140435955943,False,,[],0,0,1.3153612609528742e+19,6.581057605777346e+18
0x6ae535b4555BE36E97aD5bcd1B7887Da5A5D7e32,4933793775940234297,False,,[],0,0,3.3094727380160287e+18,1.6558060040368993e+18
0x856b63349fB6c818ea7cD7305483Ae0EF6956f6c,4520008110538609860,False,,[],0,0,3.0319150529529697e+18,1.51693745373438e+18
