Total LP,Balances ETH,Balances CRV,FTM per LP,Ftml per LP,Total User Balances
7514446526050775582138,5.040513861871949e+21,2.521886045485947e+21,0.6707764629634002,0.3356050291585915,7284145862693700822863
