Total LP,Balances ETH,Balances alETH,ETH per LP,alETH per LP,Total User Balances
63428788367614938738,3.0694050560953516e+19,3.285104834425406e+19,0.48391355646050915,0.5179201619595644,63428788367614938738
