Total LP,Balances ETH,Balances alETH,ETH per LP,alETH per LP,Total User Balances
63428788367614938738,2.1577982101627728e+19,4.20006052828993e+19,0.34019224798317094,0.6621694401519373,63428788367614938738
