Total LP,Balances ETH,Balances alETH,ETH per LP,alETH per LP,Total User Balances
152719028043360626,5.195382945987577e+16,1.0112587330002011e+17,0.3521935346882971,0.685529423648767,152719028043360627
