Total LP,Balances ETH,Balances alETH,ETH per LP,alETH per LP,Total User Balances
152719028043360626,7.390280799965486e+16,7.909626373852459e+16,0.5009850369719261,0.5361913259584267,152719028043360627
