Total LP,Balances ETH,Balances alETH,ETH per LP,alETH per LP,Total User Balances
6444608188569828949,2.192405747040321e+18,4.2674225962238746e+18,0.3401922479831709,0.6621694401519372,6444608188569829579
