Total LP,Balances ETH,Balances alETH,ETH per LP,alETH per LP,Total User Balances
6444608188569828949,3.1186332685253453e+18,3.3377925167900206e+18,0.4839135564605091,0.5179201619595644,6444608188569829579
