Total LP,Balances ETH,Balances alETH,ETH per LP,alETH per LP,Total User Balances
11456592137215929021959,5.544000246037665e+21,5.933600055211546e+21,0.4839135564605091,0.5179201619595644,11456592137215929021959
