Total LP,Balances ETH,Balances alETH,ETH per LP,alETH per LP,Total User Balances
11456592137215929021959,3.8974438333858075e+21,7.586205201549359e+21,0.34019224798317094,0.6621694401519373,11456592137215929021959
