Total LP,Balances ETH,Balances alETH,ETH per LP,alETH per LP,Total User Balances
11662686280489580789703,3.9675554632822366e+21,7.722674445019466e+21,0.3401922479831709,0.6621694401519372,11662686280489580789703
