Total LP,Balances ETH,Balances alETH,ETH per LP,alETH per LP,Total User Balances
11662686280489580789703,5.6437319958749e+21,6.040340367274753e+21,0.4839135564605091,0.5179201619595644,11662686280489580789703
