Total LP,Balances ETH,Balances alETH,ETH per LP,alETH per LP,Total User Balances
24763590359241671361762,8424381472444802887753,16397692764330969666778,0.3401922479831709,0.6621694401519373,24763590359241671361762
