Total LP,Balances ETH,Balances alETH,ETH per LP,alETH per LP,Total User Balances
16763590359241671361762,8112128629787741059978,8682201433882237990465,0.48391355646050915,0.5179201619595644,16763590359241671361762
