Total LP,Balances ETH,Balances alETH,ETH per LP,alETH per LP,Total User Balances
2463718487993125975,8.381379308280804e+17,1.6313990918863857e+18,0.3646521156939619,0.7097795106466834,2463718487993125934
