Total LP,Balances ETH,Balances alETH,ETH per LP,alETH per LP,Total User Balances
2463718487993125975,1.1922267756422618e+18,1.2760094783241728e+18,0.518707005296145,0.5551586902369903,2463718487993125934
